{"Version":2,"SourceFileDate":134031421738309613,"Flags":["FL_BITMAP_COMPRESSION","FL_BITMAP_MIPMAP","FL_BITMAP_PRECOMPUTED_INV_AVG"],"InvAvgColor":[80.701911926269531,64.096855163574219,67.504600524902344]}