{"Version":2,"SourceFileDate":134031714841747872,"Flags":["FL_BITMAP_COMPRESSION","FL_BITMAP_MIPMAP","FL_BITMAP_PRECOMPUTED_INV_AVG"],"InvAvgColor":[48.126777648925781,48.126777648925781,48.126777648925781]}