{"Version":2,"SourceFileDate":134031719860758797,"Flags":["FL_BITMAP_COMPRESSION","FL_BITMAP_MIPMAP","FL_BITMAP_PRECOMPUTED_INV_AVG"],"InvAvgColor":[186.52659606933594,186.52659606933594,186.52659606933594]}